{
  "providers": {
    "awscloudformation": {
      "AuthRoleName": "amplify-argumentsandfacts-staging-184653-authRole",
      "UnauthRoleArn": "arn:aws:iam::696170982176:role/amplify-argumentsandfacts-staging-184653-unauthRole",
      "AuthRoleArn": "arn:aws:iam::696170982176:role/amplify-argumentsandfacts-staging-184653-authRole",
      "Region": "us-east-1",
      "DeploymentBucketName": "amplify-argumentsandfacts-staging-184653-deployment",
      "UnauthRoleName": "amplify-argumentsandfacts-staging-184653-unauthRole",
      "StackName": "amplify-argumentsandfacts-staging-184653",
      "StackId": "arn:aws:cloudformation:us-east-1:696170982176:stack/amplify-argumentsandfacts-staging-184653/098d5f90-6f79-11ee-8d33-0a7d42138285",
      "AmplifyAppId": "d1q7zas7pml1bz"
    }
  },
  "auth": {
    "argumentsandfacts14a21475": {
      "service": "Cognito",
      "providerPlugin": "awscloudformation",
      "dependsOn": [],
      "customAuth": false,
      "frontendAuthConfig": {
        "socialProviders": [],
        "usernameAttributes": [],
        "signupAttributes": [
          "EMAIL"
        ],
        "passwordProtectionSettings": {
          "passwordPolicyMinLength": 8,
          "passwordPolicyCharacters": []
        },
        "mfaConfiguration": "OFF",
        "mfaTypes": [
          "SMS"
        ],
        "verificationMechanisms": [
          "EMAIL"
        ]
      },
      "providerMetadata": {
        "s3TemplateURL": "https://s3.amazonaws.com/amplify-argumentsandfacts-staging-184653-deployment/amplify-cfn-templates/auth/argumentsandfacts14a21475-cloudformation-template.json",
        "logicalId": "authargumentsandfacts14a21475"
      },
      "lastPushTimeStamp": "2023-10-23T23:11:15.000Z",
      "output": {
        "UserPoolId": "us-east-1_Rj2vky08z",
        "AppClientIDWeb": "1i4bdsqnancc3odko6v1t7vbt0",
        "AppClientID": "5b6au6lqhh5gnokrp08a0lkm9u",
        "IdentityPoolId": "us-east-1:0dcae0a3-eda7-4302-ae7e-11edf94f89e5",
        "UserPoolArn": "arn:aws:cognito-idp:us-east-1:696170982176:userpool/us-east-1_Rj2vky08z",
        "IdentityPoolName": "argumentsandfacts14a21475_identitypool_14a21475__staging",
        "UserPoolName": "argumentsandfacts14a21475_userpool_14a21475"
      },
      "lastPushDirHash": "WEBqBj60XVlWrv1oCTDIX1DP0B4="
    }
  },
  "api": {
    "argumentsandfacts": {
      "service": "AppSync",
      "providerPlugin": "awscloudformation",
      "dependsOn": [],
      "output": {
        "authConfig": {
          "defaultAuthentication": {
            "authenticationType": "API_KEY",
            "apiKeyConfig": {
              "apiKeyExpirationDays": 7,
              "apiKeyExpirationDate": "2023-10-27T21:23:59.247Z",
              "description": ""
            }
          },
          "additionalAuthenticationProviders": []
        },
        "GraphQLAPIIdOutput": "cyae7pi2jnhbfilvfyqegvjaki",
        "GraphQLAPIEndpointOutput": "https://frz4letrofdpjniw44ys3vtqke.appsync-api.us-east-1.amazonaws.com/graphql",
        "GraphQLAPIKeyOutput": "da2-vhvaxr2djbfmnfa5wkkd24zzza"
      },
      "providerMetadata": {
        "s3TemplateURL": "https://s3.amazonaws.com/amplify-argumentsandfacts-staging-184653-deployment/amplify-cfn-templates/api/cloudformation-template.json",
        "logicalId": "apiargumentsandfacts"
      },
      "lastPushTimeStamp": "2023-10-23T23:11:15.007Z",
      "lastPushDirHash": "KpkPfbj4HXVLqIIfclZs2TeMtzw="
    }
  },
  "storage": {
    "imagestorage": {
      "service": "S3",
      "providerPlugin": "awscloudformation",
      "dependsOn": [],
      "lastPushTimeStamp": "2023-10-23T23:11:15.008Z",
      "providerMetadata": {
        "s3TemplateURL": "https://s3.amazonaws.com/amplify-argumentsandfacts-staging-184653-deployment/amplify-cfn-templates/storage/cloudformation-template.json",
        "logicalId": "storageimagestorage"
      },
      "output": {
        "BucketName": "argumentsandfacts9d6deadd55494253a87fb239a6e6e8184653-staging",
        "Region": "us-east-1"
      },
      "lastPushDirHash": "V0yhEwN75NsbqiQZ7ujmn9djXX4="
    }
  }
}